PlaintiffFirm,DefendantFirm,Weight,Count
wilmer cutler pickering hale & dor,quinn emanuel urquhart & sullivan,20.6940628227001,24
"gibson, dunn & crutcher",quinn emanuel urquhart & sullivan,18.403337484384323,21
morrison & foerster,quinn emanuel urquhart & sullivan,17.57600591614131,20
"boies, schiller & flexner","shook, hardy & bacon",14.769021166477499,16
susman godfrey,covington & burling,13.311224557209067,15
"boies, schiller & flexner",greenberg traurig,13.065984868137072,15
"morgan, lewis & bockius",kirkland & ellis,12.269409037251604,15
robbins geller rudman & dowd,sullivan & cromwell,10.59991715582815,12
grant & eisenhofer,covington & burling,10.379994259005834,13
cohen milstein sellers & toll,"gibson, dunn & crutcher",10.098715105413051,14
grant & eisenhofer,sullivan & cromwell,9.9833020755195,12
glancy binkow & goldberg,covington & burling,9.731424181232876,11
susman godfrey,sullivan & cromwell,9.607600210894569,11
cotchett pitre & mccarthy,sullivan & cromwell,8.939070345886854,10
hausfeld,covington & burling,8.849944346459553,10
hagens berman sobol shapiro,latham & watkins,8.805066368243986,11
glancy binkow & goldberg,"gibson, dunn & crutcher",8.741941374326553,10
morrison & foerster,attorney general,8.585067989149607,10
robbins geller rudman & dowd,"gibson, dunn & crutcher",7.992412515089951,10
cotchett pitre & mccarthy,covington & burling,7.915017887009224,9
kirkland & ellis,attorney general,7.77198547758004,10
hagens berman sobol shapiro,covington & burling,7.641547789009707,9
grant & eisenhofer,"gibson, dunn & crutcher",7.444206827851277,9
"gibson, dunn & crutcher",williams & connolly,7.0442000240475835,8
hausfeld,"gibson, dunn & crutcher",7.037816102757531,8
susman godfrey,"boies, schiller & flexner",6.977201269307136,8
susman godfrey,"gibson, dunn & crutcher",6.977201269307136,8
susman godfrey,sidley austin,6.977201269307136,8
"robins, kaplan, miller & ciresi",sullivan & cromwell,6.9578152128126405,8
grant & eisenhofer,"skadden, arps, slate, meagher & flom",6.693693018926328,8
grant & eisenhofer,"morgan, lewis & bockius",6.691094139894646,8
"shepherd, finkelman, miller & shah",covington & burling,6.6304243561147835,8
attorney general,united states attorney,6.494848603423625,8
robbins geller rudman & dowd,simpson thacher & bartlett,6.295632473431293,7
morrison & foerster,williams & connolly,6.201245105233142,7
freed kanner london & millen,covington & burling,6.198614500876953,7
kaplan fox & kilsheimer,covington & burling,6.198614500876953,7
cotchett pitre & mccarthy,"gibson, dunn & crutcher",6.14502761066779,7
lieff cabraser heimann & bernstein,"gibson, dunn & crutcher",6.131912368040378,7
susman godfrey,davis polk & wardwell,6.118999576241,7
susman godfrey,hughes hubbard & reed,6.118999576241,7
susman godfrey,simpson thacher & bartlett,6.118999576241,7
"robins, kaplan, miller & ciresi","gibson, dunn & crutcher",6.086241513906108,7
"robins, kaplan, miller & ciresi",covington & burling,6.063205713851975,7
attorney general,simpson thacher & bartlett,6.013897681073995,7
hagens berman sobol shapiro,quinn emanuel urquhart & sullivan,5.869167743593518,7
grant & eisenhofer,"boies, schiller & flexner",5.810925308809379,7
robbins geller rudman & dowd,covington & burling,5.807162833567437,7
robbins geller rudman & dowd,"boies, schiller & flexner",5.798083088638412,7
grant & eisenhofer,davis polk & wardwell,5.79322236934258,7
"boies, schiller & flexner","gibson, dunn & crutcher",5.518381183287244,6
glancy binkow & goldberg,simpson thacher & bartlett,5.487832738098829,6
susman godfrey,latham & watkins,5.420055475745231,6
glancy binkow & goldberg,davis polk & wardwell,5.415138266234833,6
kaplan fox & kilsheimer,sidley austin,5.391388155228107,6
"robins, kaplan, miller & ciresi",simpson thacher & bartlett,5.2592216784452255,6
"gibson, dunn & crutcher",susman godfrey,5.256241068194914,6
hagens berman sobol shapiro,"gibson, dunn & crutcher",5.254675892303189,6
foley & lardner,united states attorney,5.20850316151879,7
glancy binkow & goldberg,sullivan & cromwell,5.18730108131904,6
hausfeld,sullivan & cromwell,5.18730108131904,6
cotchett pitre & mccarthy,"boies, schiller & flexner",5.186406066656163,6
cotchett pitre & mccarthy,sidley austin,5.186406066656163,6
"robins, kaplan, miller & ciresi","boies, schiller & flexner",5.186406066656163,6
"robins, kaplan, miller & ciresi",sidley austin,5.186406066656163,6
attorney general,morrison & foerster,5.182272210246036,6
lieff cabraser heimann & bernstein,covington & burling,5.163493973682304,6
robbins geller rudman & dowd,sidley austin,5.106191465354974,6
hagens berman sobol shapiro,sidley austin,5.083798409642575,6
berger & montague,covington & burling,5.062539033915699,6
lieff cabraser heimann & bernstein,sullivan & cromwell,5.021218224261731,6
berger & montague,sullivan & cromwell,4.974559139060761,6
"shepherd, finkelman, miller & shah",cahill gordon & reindel,4.943682814842779,6
susman godfrey,united states attorney,4.85735355127166,6
berger & montague,"boies, schiller & flexner",4.8433785073092155,6
kaplan fox & kilsheimer,"weil, gotshal & manges",4.830544783701684,5
kaplan fox & kilsheimer,mayer brown,4.6561236557990915,5
hausfeld,skadden arps slate meagher & flom,4.653827498586702,5
glancy binkow & goldberg,mayer brown,4.621337005025609,5
susman godfrey,mayer brown,4.482211114744683,5
glancy binkow & goldberg,sidley austin,4.440571528095858,5
robbins geller rudman & dowd,locke lord bissell & liddell,4.421312546361851,5
grant & eisenhofer,sidley austin,4.350564802961646,5
hagens berman sobol shapiro,"boies, schiller & flexner",4.350564802961646,5
lieff cabraser heimann & bernstein,"boies, schiller & flexner",4.350564802961646,5
lieff cabraser heimann & bernstein,sidley austin,4.350564802961646,5
freed kanner london & millen,sullivan & cromwell,4.346802327719703,5
hagens berman sobol shapiro,sullivan & cromwell,4.346802327719703,5
kaplan fox & kilsheimer,sullivan & cromwell,4.346802327719703,5
"shepherd, finkelman, miller & shah",sullivan & cromwell,4.346802327719703,5
united states attorney,covington & burling,4.346802327719703,5
united states attorney,sullivan & cromwell,4.346802327719703,5
robbins geller rudman & dowd,latham & watkins,4.317744388642062,5
grant & eisenhofer,simpson thacher & bartlett,4.281749207248528,5
hagens berman sobol shapiro,mcdermott will & emery,4.26461836931993,5
morrison & foerster,united states attorney,4.2235937359337425,5
"boies, schiller & flexner",attorney general,4.208282703218568,5
united states attorney,united states attorney,4.171988976456382,5
berger & montague,sidley austin,4.1624495232512135,5
wilmer cutler pickering hale & dor,united states attorney,4.08854947616387,5
berger & montague,"morgan, lewis & bockius",4.071729486014257,5
wilmer cutler pickering hale & dor,covington & burling,4.053564649482146,6
robbins geller rudman & dowd,davis polk & wardwell,4.046945775274223,5
grant & eisenhofer,cahill gordon & reindel,4.035860599709016,5
simpson thacher & bartlett,covington & burling,3.991260157862548,5
glancy binkow & goldberg,"morgan, lewis & bockius",3.8489169006094377,4
grant & eisenhofer,kirkland & ellis,3.7416283471526945,5
glancy binkow & goldberg,kirkland & ellis,3.687115586524391,4
"morgan, lewis & bockius","shook, hardy & bacon",3.6789207888581625,4
grant & eisenhofer,steptoe & johnson,3.580522598619124,4
kaplan fox & kilsheimer,davis polk & wardwell,3.5724937248098643,4
"shepherd, finkelman, miller & shah",skadden arps slate meagher & flom,3.570889236024589,4
glancy binkow & goldberg,"skadden, arps, slate, meagher & flom",3.532809680355923,4
grant & eisenhofer,"shook, hardy & bacon",3.522248489751012,4
hagens berman sobol shapiro,"shook, hardy & bacon",3.522248489751012,4
lieff cabraser heimann & bernstein,"shook, hardy & bacon",3.522248489751012,4
glancy binkow & goldberg,dla piper,3.521267678691914,4
hagens berman sobol shapiro,davis polk & wardwell,3.49236310989551,4
lieff cabraser heimann & bernstein,davis polk & wardwell,3.49236310989551,4
susman godfrey,cahill gordon & reindel,3.488600634653568,4
susman godfrey,katten muchin rosenman,3.488600634653568,4
susman godfrey,locke lord bissell & liddell,3.488600634653568,4
susman godfrey,mcdermott will & emery,3.488600634653568,4
susman godfrey,"milbank, tweed, hadley & mccloy",3.488600634653568,4
susman godfrey,paul weiss rifkind wharton & garrison,3.488600634653568,4
susman godfrey,schiff hardin,3.488600634653568,4
berger & montague,mcdermott will & emery,3.4867293141200197,4
freed kanner london & millen,mcdermott will & emery,3.4867293141200197,4
grant & eisenhofer,mcdermott will & emery,3.4867293141200197,4
berger & montague,"gibson, dunn & crutcher",3.4700026805238924,4
cotchett pitre & mccarthy,davis polk & wardwell,3.4700026805238924,4
cotchett pitre & mccarthy,hughes hubbard & reed,3.4700026805238924,4
cotchett pitre & mccarthy,simpson thacher & bartlett,3.4700026805238924,4
freed kanner london & millen,"boies, schiller & flexner",3.4700026805238924,4
freed kanner london & millen,"gibson, dunn & crutcher",3.4700026805238924,4
freed kanner london & millen,sidley austin,3.4700026805238924,4
glancy binkow & goldberg,"boies, schiller & flexner",3.4700026805238924,4
hausfeld,"boies, schiller & flexner",3.4700026805238924,4
hausfeld,sidley austin,3.4700026805238924,4
kaplan fox & kilsheimer,"boies, schiller & flexner",3.4700026805238924,4
kaplan fox & kilsheimer,"gibson, dunn & crutcher",3.4700026805238924,4
"robins, kaplan, miller & ciresi",davis polk & wardwell,3.4700026805238924,4
"robins, kaplan, miller & ciresi",hughes hubbard & reed,3.4700026805238924,4
"shepherd, finkelman, miller & shah","boies, schiller & flexner",3.4700026805238924,4
"shepherd, finkelman, miller & shah","gibson, dunn & crutcher",3.4700026805238924,4
"shepherd, finkelman, miller & shah",sidley austin,3.4700026805238924,4
united states attorney,"boies, schiller & flexner",3.4700026805238924,4
united states attorney,"gibson, dunn & crutcher",3.4700026805238924,4
united states attorney,sidley austin,3.4700026805238924,4
grant & eisenhofer,morrison & foerster,3.4559535678715174,4
hausfeld,davis polk & wardwell,3.452299741057094,4
grant & eisenhofer,hughes hubbard & reed,3.444647121738735,4
attorney general,attorney general,3.4126210218591364,4
"morgan, lewis & bockius",attorney general,3.4072628081868155,4
hagens berman sobol shapiro,"morgan, lewis & bockius",3.3986409344553845,4
robbins geller rudman & dowd,cahill gordon & reindel,3.378621054054101,4
"gibson, dunn & crutcher",kirkland & ellis,3.371819675257768,4
"gibson, dunn & crutcher",united states attorney,3.371819675257768,4
wilmer cutler pickering hale & dor,kirkland & ellis,3.371819675257768,4
wilmer cutler pickering hale & dor,williams & connolly,3.371819675257768,4
hagens berman sobol shapiro,hughes hubbard & reed,3.345034594138686,4
robbins geller rudman & dowd,hughes hubbard & reed,3.345034594138686,4
covington & burling,attorney general,3.3106371867296183,4
berger & montague,katten muchin rosenman,3.262673262081296,4
robbins geller rudman & dowd,"skadden, arps, slate, meagher & flom",3.2550256457673323,4
attorney general,"weil, gotshal & manges",3.213112053961703,4
"shepherd, finkelman, miller & shah","morgan, lewis & bockius",3.2086814745808323,4
grant & eisenhofer,locke lord bissell & liddell,3.1953618461096798,4
robbins geller rudman & dowd,morrison & foerster,3.125399344725944,4
cohen milstein sellers & toll,covington & burling,3.1124709195906632,4
hagens berman sobol shapiro,williams & connolly,3.1020053965417276,4
berger & montague,greenberg traurig,2.994861314629528,4
cohen milstein sellers & toll,kirkland & ellis,2.9545223433755887,4
lieff cabraser heimann & bernstein,locke lord bissell & liddell,2.9098834492963213,4
cohen milstein sellers & toll,mccarter & english,2.86294682478398,4
grant & eisenhofer,mccarter & english,2.86294682478398,4
"boies, schiller & flexner","morgan, lewis & bockius",2.852239622026413,3
robbins geller rudman & dowd,"weil, gotshal & manges",2.753730251691587,3
grant & eisenhofer,arnold & porter,2.7178506081796976,3
freed kanner london & millen,steptoe & johnson,2.7161673858881867,3
hausfeld,mayer brown,2.7155313287145777,3
mcdermott will & emery,united states attorney,2.688735692024287,4
cohen milstein sellers & toll,mayer brown,2.6867405693813535,3
robbins geller rudman & dowd,arnold & porter,2.68194130692748,3
wilmer cutler pickering hale & dor,attorney general,2.6796121320752793,4
freed kanner london & millen,mayer brown,2.6785697207034724,3
grant & eisenhofer,skadden arps slate meagher & flom,2.6660067404500474,3
hagens berman sobol shapiro,skadden arps slate meagher & flom,2.6660067404500474,3
robbins geller rudman & dowd,paul weiss rifkind wharton & garrison,2.6379565184120985,3
grant & eisenhofer,quinn emanuel urquhart & sullivan,2.6322900962958267,3
susman godfrey,wilmer cutler pickering hale & dor,2.6303989415874325,3
grant & eisenhofer,"milbank, tweed, hadley & mccloy",2.6155634626996993,3
hagens berman sobol shapiro,"milbank, tweed, hadley & mccloy",2.6155634626996993,3
lieff cabraser heimann & bernstein,"milbank, tweed, hadley & mccloy",2.6155634626996993,3
berger & montague,davis polk & wardwell,2.611800987457757,3
berger & montague,hughes hubbard & reed,2.611800987457757,3
berger & montague,simpson thacher & bartlett,2.611800987457757,3
freed kanner london & millen,davis polk & wardwell,2.611800987457757,3
freed kanner london & millen,hughes hubbard & reed,2.611800987457757,3
freed kanner london & millen,simpson thacher & bartlett,2.611800987457757,3
glancy binkow & goldberg,hughes hubbard & reed,2.611800987457757,3
hagens berman sobol shapiro,simpson thacher & bartlett,2.611800987457757,3
hausfeld,hughes hubbard & reed,2.611800987457757,3
hausfeld,simpson thacher & bartlett,2.611800987457757,3
kaplan fox & kilsheimer,hughes hubbard & reed,2.611800987457757,3
kaplan fox & kilsheimer,simpson thacher & bartlett,2.611800987457757,3
lieff cabraser heimann & bernstein,hughes hubbard & reed,2.611800987457757,3
lieff cabraser heimann & bernstein,simpson thacher & bartlett,2.611800987457757,3
"shepherd, finkelman, miller & shah",davis polk & wardwell,2.611800987457757,3
"shepherd, finkelman, miller & shah",hughes hubbard & reed,2.611800987457757,3
"shepherd, finkelman, miller & shah",simpson thacher & bartlett,2.611800987457757,3
united states attorney,davis polk & wardwell,2.611800987457757,3
united states attorney,hughes hubbard & reed,2.611800987457757,3
united states attorney,simpson thacher & bartlett,2.611800987457757,3
hausfeld,"skadden, arps, slate, meagher & flom",2.6069035937772984,3
"weil, gotshal & manges","weil, gotshal & manges",2.6008587802278678,3
cotchett pitre & mccarthy,cahill gordon & reindel,2.5932030333280816,3
cotchett pitre & mccarthy,katten muchin rosenman,2.5932030333280816,3
cotchett pitre & mccarthy,locke lord bissell & liddell,2.5932030333280816,3
cotchett pitre & mccarthy,mcdermott will & emery,2.5932030333280816,3
cotchett pitre & mccarthy,"milbank, tweed, hadley & mccloy",2.5932030333280816,3
cotchett pitre & mccarthy,paul weiss rifkind wharton & garrison,2.5932030333280816,3
cotchett pitre & mccarthy,schiff hardin,2.5932030333280816,3
cotchett pitre & mccarthy,united states attorney,2.5932030333280816,3
"robins, kaplan, miller & ciresi",cahill gordon & reindel,2.5932030333280816,3
"robins, kaplan, miller & ciresi",katten muchin rosenman,2.5932030333280816,3
"robins, kaplan, miller & ciresi",locke lord bissell & liddell,2.5932030333280816,3
"robins, kaplan, miller & ciresi",mcdermott will & emery,2.5932030333280816,3
"robins, kaplan, miller & ciresi","milbank, tweed, hadley & mccloy",2.5932030333280816,3
"robins, kaplan, miller & ciresi",paul weiss rifkind wharton & garrison,2.5932030333280816,3
"robins, kaplan, miller & ciresi",schiff hardin,2.5932030333280816,3
"robins, kaplan, miller & ciresi",united states attorney,2.5932030333280816,3
glancy binkow & goldberg,cahill gordon & reindel,2.575500093861283,3
hausfeld,cahill gordon & reindel,2.575500093861283,3
hagens berman sobol shapiro,"skadden, arps, slate, meagher & flom",2.5694938025500513,3
hausfeld,kirkland & ellis,2.5584822485312078,3
hagens berman sobol shapiro,paul weiss rifkind wharton & garrison,2.5433708979364917,3
cohen milstein sellers & toll,greenberg traurig,2.5330800577074224,3
"boies, schiller & flexner",united states attorney,2.5301167582538064,3
morrison & foerster,kirkland & ellis,2.5288647564433258,3
robbins geller rudman & dowd,dla piper,2.500354011520702,3
united states attorney,katten muchin rosenman,2.4974313203983654,3
cohen milstein sellers & toll,"skadden, arps, slate, meagher & flom",2.4893670648732185,3
katten muchin rosenman,united states attorney,2.4589601134939962,3
cohen milstein sellers & toll,"morgan, lewis & bockius",2.4451850317550927,4
simpson thacher & bartlett,simpson thacher & bartlett,2.4001264015158252,3
berger & montague,"milbank, tweed, hadley & mccloy",2.393727685007398,3
sidley austin,attorney general,2.388734336753019,3
berger & montague,united states attorney,2.3627581516030043,3
"boies, schiller & flexner",hughes hubbard & reed,2.3261466093872536,3
"boies, schiller & flexner",simpson thacher & bartlett,2.3261466093872536,3
berger & montague,locke lord bissell & liddell,2.3224423947791335,3
hagens berman sobol shapiro,arnold & porter,2.304866625525233,3
robbins geller rudman & dowd,wilmer cutler pickering hale & dor,2.286728716981009,3
hagens berman sobol shapiro,"weil, gotshal & manges",2.2832097300983407,3
cohen milstein sellers & toll,williams & connolly,2.1181077695714574,3
mayer brown,attorney general,1.9527415893108524,3
quinn emanuel urquhart & sullivan,sullivan & cromwell,1.9231182617928704,2
hausfeld,latham & watkins,1.9162838904178727,2
"boies, schiller & flexner",latham & watkins,1.9068157465802476,2
glancy binkow & goldberg,"weil, gotshal & manges",1.8927251846725484,2
kaplan fox & kilsheimer,dla piper,1.8865988239307323,2
susman godfrey,arnold & porter,1.8781766866661576,2
susman godfrey,foley & lardner,1.8781766866661576,2
robbins geller rudman & dowd,susman godfrey,1.8744381465373596,2
robbins geller rudman & dowd,williams & connolly,1.8726179144971031,2
glancy binkow & goldberg,latham & watkins,1.8518121731572497,2
glancy binkow & goldberg,steptoe & johnson,1.8518121731572497,2
susman godfrey,dla piper,1.8518121731572497,2
susman godfrey,kirkland & ellis,1.8518121731572497,2
susman godfrey,"skadden, arps, slate, meagher & flom",1.8518121731572497,2
susman godfrey,steptoe & johnson,1.8518121731572497,2
kaplan fox & kilsheimer,"skadden, arps, slate, meagher & flom",1.8511774455688252,2
"morgan, lewis & bockius","gibson, dunn & crutcher",1.8394603944290813,2
"morgan, lewis & bockius",greenberg traurig,1.8394603944290813,2
"morgan, lewis & bockius",quinn emanuel urquhart & sullivan,1.836190174394908,2
hagens berman sobol shapiro,wilmer cutler pickering hale & dor,1.8164331150964745,2
foley & lardner,steptoe & johnson,1.816321605731664,2
glancy binkow & goldberg,arnold & porter,1.8052864585929225,2
berger & montague,wilmer cutler pickering hale & dor,1.8040192073751709,2
cotchett pitre & mccarthy,mayer brown,1.8027057337744357,2
freed kanner london & millen,dla piper,1.8017700735076616,2
robbins geller rudman & dowd,mayer brown,1.7907960176812876,2
berger & montague,steptoe & johnson,1.790261299309562,2
freed kanner london & millen,"morgan, lewis & bockius",1.790261299309562,2
hagens berman sobol shapiro,steptoe & johnson,1.790261299309562,2
robbins geller rudman & dowd,kirkland & ellis,1.7892189979213327,2
"robins, kaplan, miller & ciresi",arnold & porter,1.7892189979213327,2
"robins, kaplan, miller & ciresi",kirkland & ellis,1.7892189979213327,2
"robins, kaplan, miller & ciresi",latham & watkins,1.7892189979213327,2
"weil, gotshal & manges",arnold & porter,1.7892189979213327,2
"weil, gotshal & manges",kirkland & ellis,1.7892189979213327,2
"weil, gotshal & manges",latham & watkins,1.7892189979213327,2
"weil, gotshal & manges",simpson thacher & bartlett,1.7892189979213327,2
susman godfrey,"shook, hardy & bacon",1.7876052158731115,2
attorney general,skadden arps slate meagher & flom,1.7854446180122945,2
berger & montague,skadden arps slate meagher & flom,1.7854446180122945,2
cohen milstein sellers & toll,skadden arps slate meagher & flom,1.7854446180122945,2
freed kanner london & millen,skadden arps slate meagher & flom,1.7854446180122945,2
glancy binkow & goldberg,skadden arps slate meagher & flom,1.7854446180122945,2
robbins geller rudman & dowd,skadden arps slate meagher & flom,1.7854446180122945,2
"shepherd, finkelman, miller & shah",arnold & porter,1.7854446180122945,2
lieff cabraser heimann & bernstein,"skadden, arps, slate, meagher & flom",1.761124244875506,2
grant & eisenhofer,goodwin procter,1.7561344723052197,2
hagens berman sobol shapiro,goodwin procter,1.7561344723052197,2
berger & montague,mayer brown,1.7526636341248476,2
grant & eisenhofer,mayer brown,1.7526636341248476,2
hagens berman sobol shapiro,mayer brown,1.7526636341248476,2
berger & montague,quinn emanuel urquhart & sullivan,1.7517279738580736,2
cohen milstein sellers & toll,mcdermott will & emery,1.7517279738580736,2
cohen milstein sellers & toll,quinn emanuel urquhart & sullivan,1.7517279738580736,2
freed kanner london & millen,quinn emanuel urquhart & sullivan,1.7517279738580736,2
"shepherd, finkelman, miller & shah",goodwin procter,1.7511446997349336,2
"morgan, lewis & bockius",wilmer cutler pickering hale & dor,1.7493514957165064,2
berger & montague,cahill gordon & reindel,1.7350013402619462,2
berger & montague,paul weiss rifkind wharton & garrison,1.7350013402619462,2
berger & montague,schiff hardin,1.7350013402619462,2
freed kanner london & millen,cahill gordon & reindel,1.7350013402619462,2
freed kanner london & millen,katten muchin rosenman,1.7350013402619462,2
freed kanner london & millen,locke lord bissell & liddell,1.7350013402619462,2
freed kanner london & millen,"milbank, tweed, hadley & mccloy",1.7350013402619462,2
freed kanner london & millen,paul weiss rifkind wharton & garrison,1.7350013402619462,2
freed kanner london & millen,schiff hardin,1.7350013402619462,2
freed kanner london & millen,united states attorney,1.7350013402619462,2
glancy binkow & goldberg,katten muchin rosenman,1.7350013402619462,2
glancy binkow & goldberg,locke lord bissell & liddell,1.7350013402619462,2
glancy binkow & goldberg,mcdermott will & emery,1.7350013402619462,2
glancy binkow & goldberg,"milbank, tweed, hadley & mccloy",1.7350013402619462,2
glancy binkow & goldberg,paul weiss rifkind wharton & garrison,1.7350013402619462,2
glancy binkow & goldberg,schiff hardin,1.7350013402619462,2
glancy binkow & goldberg,united states attorney,1.7350013402619462,2
grant & eisenhofer,katten muchin rosenman,1.7350013402619462,2
grant & eisenhofer,paul weiss rifkind wharton & garrison,1.7350013402619462,2
grant & eisenhofer,schiff hardin,1.7350013402619462,2
grant & eisenhofer,united states attorney,1.7350013402619462,2
hagens berman sobol shapiro,cahill gordon & reindel,1.7350013402619462,2
hagens berman sobol shapiro,katten muchin rosenman,1.7350013402619462,2
hagens berman sobol shapiro,locke lord bissell & liddell,1.7350013402619462,2
hagens berman sobol shapiro,schiff hardin,1.7350013402619462,2
hagens berman sobol shapiro,united states attorney,1.7350013402619462,2
hausfeld,katten muchin rosenman,1.7350013402619462,2
hausfeld,locke lord bissell & liddell,1.7350013402619462,2
hausfeld,mcdermott will & emery,1.7350013402619462,2
hausfeld,"milbank, tweed, hadley & mccloy",1.7350013402619462,2
hausfeld,paul weiss rifkind wharton & garrison,1.7350013402619462,2
hausfeld,schiff hardin,1.7350013402619462,2
hausfeld,united states attorney,1.7350013402619462,2
kaplan fox & kilsheimer,cahill gordon & reindel,1.7350013402619462,2
kaplan fox & kilsheimer,katten muchin rosenman,1.7350013402619462,2
kaplan fox & kilsheimer,locke lord bissell & liddell,1.7350013402619462,2
kaplan fox & kilsheimer,mcdermott will & emery,1.7350013402619462,2
kaplan fox & kilsheimer,"milbank, tweed, hadley & mccloy",1.7350013402619462,2
kaplan fox & kilsheimer,paul weiss rifkind wharton & garrison,1.7350013402619462,2
kaplan fox & kilsheimer,schiff hardin,1.7350013402619462,2
kaplan fox & kilsheimer,united states attorney,1.7350013402619462,2
lieff cabraser heimann & bernstein,cahill gordon & reindel,1.7350013402619462,2
lieff cabraser heimann & bernstein,katten muchin rosenman,1.7350013402619462,2
lieff cabraser heimann & bernstein,mcdermott will & emery,1.7350013402619462,2
lieff cabraser heimann & bernstein,paul weiss rifkind wharton & garrison,1.7350013402619462,2
lieff cabraser heimann & bernstein,schiff hardin,1.7350013402619462,2
lieff cabraser heimann & bernstein,united states attorney,1.7350013402619462,2
robbins geller rudman & dowd,katten muchin rosenman,1.7350013402619462,2
robbins geller rudman & dowd,mcdermott will & emery,1.7350013402619462,2
robbins geller rudman & dowd,"milbank, tweed, hadley & mccloy",1.7350013402619462,2
robbins geller rudman & dowd,schiff hardin,1.7350013402619462,2
robbins geller rudman & dowd,united states attorney,1.7350013402619462,2
"shepherd, finkelman, miller & shah",katten muchin rosenman,1.7350013402619462,2
"shepherd, finkelman, miller & shah",locke lord bissell & liddell,1.7350013402619462,2
"shepherd, finkelman, miller & shah",mcdermott will & emery,1.7350013402619462,2
"shepherd, finkelman, miller & shah","milbank, tweed, hadley & mccloy",1.7350013402619462,2
"shepherd, finkelman, miller & shah",paul weiss rifkind wharton & garrison,1.7350013402619462,2
"shepherd, finkelman, miller & shah",schiff hardin,1.7350013402619462,2
"shepherd, finkelman, miller & shah",united states attorney,1.7350013402619462,2
united states attorney,cahill gordon & reindel,1.7350013402619462,2
united states attorney,locke lord bissell & liddell,1.7350013402619462,2
united states attorney,mcdermott will & emery,1.7350013402619462,2
united states attorney,"milbank, tweed, hadley & mccloy",1.7350013402619462,2
united states attorney,paul weiss rifkind wharton & garrison,1.7350013402619462,2
united states attorney,schiff hardin,1.7350013402619462,2
quinn emanuel urquhart & sullivan,mayer brown,1.7155947247707013,2
wilmer cutler pickering hale & dor,steptoe & johnson,1.7100201558120744,2
grant & eisenhofer,greenberg traurig,1.7087101212100144,2
hagens berman sobol shapiro,morrison & foerster,1.7035002073293262,2
united states attorney,mayer brown,1.7019303486152173,2
cohen milstein sellers & toll,arnold & porter,1.7010918666806925,2
foley & lardner,simpson thacher & bartlett,1.6985114555996845,2
cohen milstein sellers & toll,cahill gordon & reindel,1.6967012696101367,2
"weil, gotshal & manges","skadden, arps, slate, meagher & flom",1.6965024738583272,2
berger & montague,goodwin procter,1.6860352419308637,2
"gibson, dunn & crutcher",attorney general,1.6789496206356365,2
greenberg traurig,attorney general,1.6781208688896676,2
cohen milstein sellers & toll,morrison & foerster,1.664572073685345,2
hausfeld,greenberg traurig,1.6572160707783856,2
susman godfrey,greenberg traurig,1.6572160707783856,2
united states attorney,"morgan, lewis & bockius",1.650261402838813,2
latham & watkins,united states attorney,1.61753121422474,3
skadden arps slate meagher & flom,"weil, gotshal & manges",1.6166414906225748,2
"shook, hardy & bacon",kirkland & ellis,1.6029651757920584,2
arnold & porter,attorney general,1.5716685823458791,2
kirkland & ellis,"morgan, lewis & bockius",1.5638531083724843,2
covington & burling,steptoe & johnson,1.551175214866914,2
mcdermott will & emery,goodwin procter,1.536296495596178,2
berger & montague,kirkland & ellis,1.526199598259392,2
dla piper,covington & burling,1.5080711877485322,2
quinn emanuel urquhart & sullivan,covington & burling,1.5080711877485322,2
cohen milstein sellers & toll,wilmer cutler pickering hale & dor,1.5011034998540982,2
berger & montague,arnold & porter,1.4801633635233347,2
berger & montague,mccarter & english,1.43147341239199,2
grant & eisenhofer,williams & connolly,1.43147341239199,2
hagens berman sobol shapiro,mccarter & english,1.43147341239199,2
"shepherd, finkelman, miller & shah",mccarter & english,1.43147341239199,2
"boies, schiller & flexner",kirkland & ellis,1.4128332957868273,2
cohen milstein sellers & toll,"boies, schiller & flexner",1.3733758267853227,2
"morgan, lewis & bockius","boies, schiller & flexner",1.3733758267853227,2
hagens berman sobol shapiro,kirkland & ellis,1.3083195498281772,2
latham & watkins,attorney general,1.2932494300079294,2
mcdermott will & emery,attorney general,1.2324730222865803,2
lieff cabraser heimann & bernstein,arnold & porter,1.1748821090343748,2
glancy binkow & goldberg,morrison & foerster,0.9927417446931526,1
glancy binkow & goldberg,susman godfrey,0.9798286475766932,1
quinn emanuel urquhart & sullivan,simpson thacher & bartlett,0.9615591308964352,1
kaplan fox & kilsheimer,greenberg traurig,0.9606927373521074,1
kaplan fox & kilsheimer,williams & connolly,0.9606927373521074,1
cotchett pitre & mccarthy,williams & connolly,0.9586215440116264,1
"gibson, dunn & crutcher",mayer brown,0.9431177610313892,1
davis polk & wardwell,"shook, hardy & bacon",0.9350557312469616,1
"boies, schiller & flexner","skadden, arps, slate, meagher & flom",0.9335771702434048,1
cotchett pitre & mccarthy,dla piper,0.9259060865786248,1
cotchett pitre & mccarthy,kirkland & ellis,0.9259060865786248,1
cotchett pitre & mccarthy,latham & watkins,0.9259060865786248,1
cotchett pitre & mccarthy,"skadden, arps, slate, meagher & flom",0.9259060865786248,1
cotchett pitre & mccarthy,steptoe & johnson,0.9259060865786248,1
freed kanner london & millen,kirkland & ellis,0.9259060865786248,1
freed kanner london & millen,latham & watkins,0.9259060865786248,1
freed kanner london & millen,"skadden, arps, slate, meagher & flom",0.9259060865786248,1
hausfeld,dla piper,0.9259060865786248,1
hausfeld,steptoe & johnson,0.9259060865786248,1
kaplan fox & kilsheimer,kirkland & ellis,0.9259060865786248,1
kaplan fox & kilsheimer,latham & watkins,0.9259060865786248,1
kaplan fox & kilsheimer,steptoe & johnson,0.9259060865786248,1
greenberg traurig,arnold & porter,0.9232631623128024,1
mayer brown,dla piper,0.9196954490270134,1
"morgan, lewis & bockius",williams & connolly,0.918095087197454,1
"boies, schiller & flexner",arnold & porter,0.9125641495867752,1
"gibson, dunn & crutcher",arnold & porter,0.9125641495867752,1
united states attorney,arnold & porter,0.90536176748979,1
hausfeld,attorney general,0.901838797798313,1
berger & montague,morrison & foerster,0.895130649654781,1
freed kanner london & millen,morrison & foerster,0.895130649654781,1
"robins, kaplan, miller & ciresi","skadden, arps, slate, meagher & flom",0.8946094989606663,1
"robins, kaplan, miller & ciresi",susman godfrey,0.8946094989606663,1
"robins, kaplan, miller & ciresi","weil, gotshal & manges",0.8946094989606663,1
"weil, gotshal & manges",sullivan & cromwell,0.8946094989606663,1
"weil, gotshal & manges",susman godfrey,0.8946094989606663,1
attorney general,arnold & porter,0.8927223090061472,1
freed kanner london & millen,arnold & porter,0.8927223090061472,1
hausfeld,arnold & porter,0.8927223090061472,1
quinn emanuel urquhart & sullivan,goodwin procter,0.8912912980880676,1
quinn emanuel urquhart & sullivan,morrison & foerster,0.8912912980880676,1
attorney general,"gibson, dunn & crutcher",0.890993361598564,1
wilmer cutler pickering hale & dor,"gibson, dunn & crutcher",0.890993361598564,1
covington & burling,united states attorney,0.8891206113317515,1
morrison & foerster,greenberg traurig,0.8888805500027864,1
lieff cabraser heimann & bernstein,goodwin procter,0.880562122437753,1
lieff cabraser heimann & bernstein,quinn emanuel urquhart & sullivan,0.880562122437753,1
lieff cabraser heimann & bernstein,skadden arps slate meagher & flom,0.880562122437753,1
cohen milstein sellers & toll,latham & watkins,0.8779925101551398,1
"shook, hardy & bacon",arnold & porter,0.8778804969798798,1
"shook, hardy & bacon",latham & watkins,0.8778804969798798,1
"shook, hardy & bacon","shook, hardy & bacon",0.8778804969798798,1
cotchett pitre & mccarthy,wilmer cutler pickering hale & dor,0.8767996471958108,1
freed kanner london & millen,wilmer cutler pickering hale & dor,0.8767996471958108,1
glancy binkow & goldberg,wilmer cutler pickering hale & dor,0.8767996471958108,1
grant & eisenhofer,wilmer cutler pickering hale & dor,0.8767996471958108,1
hausfeld,wilmer cutler pickering hale & dor,0.8767996471958108,1
kaplan fox & kilsheimer,wilmer cutler pickering hale & dor,0.8767996471958108,1
lieff cabraser heimann & bernstein,mayer brown,0.8767996471958108,1
lieff cabraser heimann & bernstein,wilmer cutler pickering hale & dor,0.8767996471958108,1
"robins, kaplan, miller & ciresi",mayer brown,0.8767996471958108,1
"robins, kaplan, miller & ciresi",wilmer cutler pickering hale & dor,0.8767996471958108,1
"shepherd, finkelman, miller & shah",mayer brown,0.8767996471958108,1
"shepherd, finkelman, miller & shah",wilmer cutler pickering hale & dor,0.8767996471958108,1
united states attorney,wilmer cutler pickering hale & dor,0.8767996471958108,1
berger & montague,dla piper,0.8758639869290368,1
berger & montague,foley & lardner,0.8758639869290368,1
cohen milstein sellers & toll,dla piper,0.8758639869290368,1
cohen milstein sellers & toll,foley & lardner,0.8758639869290368,1
freed kanner london & millen,foley & lardner,0.8758639869290368,1
freed kanner london & millen,greenberg traurig,0.8758639869290368,1
grant & eisenhofer,dla piper,0.8758639869290368,1
grant & eisenhofer,foley & lardner,0.8758639869290368,1
hagens berman sobol shapiro,dla piper,0.8758639869290368,1
hagens berman sobol shapiro,foley & lardner,0.8758639869290368,1
hagens berman sobol shapiro,greenberg traurig,0.8758639869290368,1
cohen milstein sellers & toll,goodwin procter,0.8755723498674668,1
glancy binkow & goldberg,goodwin procter,0.8755723498674668,1
robbins geller rudman & dowd,goodwin procter,0.8755723498674668,1
kirkland & ellis,kirkland & ellis,0.8719620647889654,1
morrison & foerster,morrison & foerster,0.8708032083970514,1
covington & burling,"robins, kaplan, miller & ciresi",0.8616547021619643,1
sidley austin,united states attorney,0.8613298053717093,1
"morgan, lewis & bockius",united states attorney,0.8586124439868129,1
williams & connolly,attorney general,0.8573388551539671,1
attorney general,cahill gordon & reindel,0.8562025160108,1
attorney general,"shook, hardy & bacon",0.8562025160108,1
cahill gordon & reindel,cahill gordon & reindel,0.8562025160108,1
cahill gordon & reindel,morrison & foerster,0.8562025160108,1
cahill gordon & reindel,"shook, hardy & bacon",0.8562025160108,1
cohen milstein sellers & toll,"shook, hardy & bacon",0.8562025160108,1
mayer brown,steptoe & johnson,0.8550100779060372,1
sullivan & cromwell,attorney general,0.8526205369247167,1
"skadden, arps, slate, meagher & flom",attorney general,0.844739471738035,1
cohen milstein sellers & toll,davis polk & wardwell,0.8404987535993367,1
cohen milstein sellers & toll,sullivan & cromwell,0.8404987535993367,1
katten muchin rosenman,"boies, schiller & flexner",0.8396044174968235,1
"gibson, dunn & crutcher",sidley austin,0.838847830902772,1
goodwin procter,kirkland & ellis,0.836339580443505,1
sidley austin,covington & burling,0.8328410573825235,1
sidley austin,greenberg traurig,0.8322096710136595,1
sidley austin,latham & watkins,0.8322096710136595,1
united states attorney,dla piper,0.8251307014194065,1
united states attorney,goodwin procter,0.8251307014194065,1
arnold & porter,greenberg traurig,0.8242180973451806,1
williams & connolly,united states attorney,0.8195023003971145,1
attorney general,goodwin procter,0.8104628920633971,1
attorney general,katten muchin rosenman,0.8104628920633971,1
attorney general,kirkland & ellis,0.8104628920633971,1
cohen milstein sellers & toll,paul weiss rifkind wharton & garrison,0.8083695576745452,1
skadden arps slate meagher & flom,simpson thacher & bartlett,0.8083207453112874,1
attorney general,wilmer cutler pickering hale & dor,0.8083153138765845,1
greenberg traurig,wilmer cutler pickering hale & dor,0.8083153138765845,1
"weil, gotshal & manges",skadden arps slate meagher & flom,0.8018929748976609,1
"shepherd, finkelman, miller & shah",morrison & foerster,0.7839426610995427,1
"shepherd, finkelman, miller & shah","skadden, arps, slate, meagher & flom",0.7839426610995427,1
kirkland & ellis,"weil, gotshal & manges",0.7819265541862421,1
mccarter & english,steptoe & johnson,0.775587607433457,1
wilmer cutler pickering hale & dor,katten muchin rosenman,0.7662846573079125,1
dla piper,mayer brown,0.7540355938742661,1
mcdermott will & emery,steptoe & johnson,0.75267037202976,1
sidley austin,katten muchin rosenman,0.7512586718415631,1
arnold & porter,hughes hubbard & reed,0.7321864682662216,1
robbins geller rudman & dowd,"morgan, lewis & bockius",0.7301802529238667,1
berger & montague,williams & connolly,0.715736706195995,1
"shepherd, finkelman, miller & shah",kirkland & ellis,0.715736706195995,1
"shepherd, finkelman, miller & shah",williams & connolly,0.715736706195995,1
skadden arps slate meagher & flom,attorney general,0.6753335197475998,1
steptoe & johnson,united states attorney,0.6663162189094991,1
goodwin procter,"gibson, dunn & crutcher",0.6321360449881961,1
goodwin procter,"morgan, lewis & bockius",0.6321360449881961,1
steptoe & johnson,attorney general,0.6228028461274695,1
mayer brown,united states attorney,0.6010115374267543,1
goodwin procter,attorney general,0.5975978000263824,1
cohen milstein sellers & toll,attorney general,0.5628364799516888,1
lieff cabraser heimann & bernstein,greenberg traurig,0.5620598003920123,1
attorney general,steptoe & johnson,0.5465175094217782,1
mayer brown,"gibson, dunn & crutcher",0.520594558608545,1
cohen milstein sellers & toll,united states attorney,0.5006589708051717,1
